{"cameraMode":{"drawMode":0,"name":"Shaded","section":"Shading Mode"},"sceneLighting":true,"audioPlay":false,"sceneViewState":{"showFog":true,"showMaterialUpdate":false,"showSkybox":true,"showFlares":true,"showImageEffects":true,"showParticleSystems":true,"showVisualEffectGraphs":true,"m_FxEnabled":true},"in2DMode":false,"pivot":{"x":29.29060173034668,"y":-15.722835540771485,"z":13.548969268798829},"rotation":{"x":-0.30463752150535586,"y":0.07304868847131729,"z":-0.023450933396816255,"w":-0.949397623538971},"size":11.706631660461426,"orthographic":false}