{"cameraMode":{"drawMode":0,"name":"Shaded","section":"Shading Mode"},"sceneLighting":true,"audioPlay":false,"sceneViewState":{"showFog":true,"showMaterialUpdate":false,"showSkybox":true,"showFlares":true,"showImageEffects":true,"showParticleSystems":true,"showVisualEffectGraphs":true,"m_FxEnabled":true},"in2DMode":false,"pivot":{"x":8.546293258666993,"y":-1.3800992965698243,"z":3.058338165283203},"rotation":{"x":-0.23767982423305512,"y":0.08496949076652527,"z":-0.020849458873271943,"w":-0.9674254655838013},"size":12.865174293518067,"orthographic":false}