{"cameraMode":{"drawMode":0,"name":"Shaded","section":"Shading Mode"},"sceneLighting":true,"audioPlay":false,"sceneViewState":{"showFog":true,"showMaterialUpdate":false,"showSkybox":true,"showFlares":true,"showImageEffects":true,"showParticleSystems":true,"showVisualEffectGraphs":true,"m_FxEnabled":true},"in2DMode":false,"pivot":{"x":38.17315673828125,"y":-77.92691040039063,"z":32.151268005371097},"rotation":{"x":-0.029942631721496583,"y":-0.05725252628326416,"z":-0.0016901851631700993,"w":0.997983992099762},"size":18.562789916992189,"orthographic":false}