{"cameraMode":{"drawMode":0,"name":"Shaded","section":"Shading Mode"},"sceneLighting":true,"audioPlay":false,"sceneViewState":{"showFog":true,"showMaterialUpdate":false,"showSkybox":true,"showFlares":true,"showImageEffects":true,"showParticleSystems":true,"showVisualEffectGraphs":true,"m_FxEnabled":true},"in2DMode":false,"pivot":{"x":-3.2216262817382814,"y":2.566957473754883,"z":63.792686462402347},"rotation":{"x":-0.00838796328753233,"y":0.0659501701593399,"z":-0.0005962849245406687,"w":-0.9978333711624146},"size":37.966922760009769,"orthographic":false}