{"cameraMode":{"drawMode":0,"name":"Shaded","section":"Shading Mode"},"sceneLighting":true,"audioPlay":false,"sceneViewState":{"showFog":true,"showMaterialUpdate":false,"showSkybox":true,"showFlares":true,"showImageEffects":true,"showParticleSystems":true,"showVisualEffectGraphs":true,"m_FxEnabled":true},"in2DMode":false,"pivot":{"x":17.039592742919923,"y":-1.0636491775512696,"z":-0.9660269618034363},"rotation":{"x":-0.10123641043901444,"y":-0.006873774342238903,"z":0.0006189655978232622,"w":-0.9948720335960388},"size":4.087993144989014,"orthographic":false}