{"cameraMode":{"drawMode":0,"name":"Shaded","section":"Shading Mode"},"sceneLighting":true,"audioPlay":false,"sceneViewState":{"showFog":true,"showMaterialUpdate":false,"showSkybox":true,"showFlares":true,"showImageEffects":true,"showParticleSystems":true,"showVisualEffectGraphs":true,"m_FxEnabled":true},"in2DMode":false,"pivot":{"x":-1.6567360162734986,"y":2.2877864837646486,"z":-0.11776924133300781},"rotation":{"x":0.03008931130170822,"y":0.11399896442890167,"z":0.0034561208449304106,"w":-0.9930427670478821},"size":5.514143466949463,"orthographic":false}