{"cameraMode":{"drawMode":0,"name":"Shaded","section":"Shading Mode"},"sceneLighting":true,"audioPlay":false,"sceneViewState":{"showFog":true,"showMaterialUpdate":false,"showSkybox":true,"showFlares":true,"showImageEffects":true,"showParticleSystems":true,"showVisualEffectGraphs":true,"m_FxEnabled":true},"in2DMode":false,"pivot":{"x":28.440887451171876,"y":-153.01206970214845,"z":2.3883838653564455},"rotation":{"x":-0.5783278346061707,"y":-0.028635548427700998,"z":0.02029741182923317,"w":-0.8150792717933655},"size":35.717376708984378,"orthographic":false}