{"cameraMode":{"drawMode":0,"name":"Shaded","section":"Shading Mode"},"sceneLighting":true,"audioPlay":false,"sceneViewState":{"showFog":true,"showMaterialUpdate":false,"showSkybox":true,"showFlares":true,"showImageEffects":true,"showParticleSystems":true,"showVisualEffectGraphs":true,"m_FxEnabled":true},"in2DMode":false,"pivot":{"x":133.27792358398438,"y":5.075833320617676,"z":-7.727227687835693},"rotation":{"x":0.09966063499450684,"y":0.08706163614988327,"z":-0.008686402812600136,"w":0.9912168979644775},"size":1.7320507764816285,"orthographic":false}