{"cameraMode":{"drawMode":0,"name":"Shaded","section":"Shading Mode"},"sceneLighting":true,"audioPlay":false,"sceneViewState":{"showFog":true,"showMaterialUpdate":false,"showSkybox":true,"showFlares":true,"showImageEffects":true,"showParticleSystems":true,"showVisualEffectGraphs":true,"m_FxEnabled":true},"in2DMode":false,"pivot":{"x":50.12443923950195,"y":-10.451690673828125,"z":40.955989837646487},"rotation":{"x":0.3662514090538025,"y":0.031423017382621768,"z":-0.012058695778250695,"w":0.9299155473709106},"size":44.623077392578128,"orthographic":false}