{"cameraMode":{"drawMode":0,"name":"Shaded","section":"Shading Mode"},"sceneLighting":true,"audioPlay":false,"sceneViewState":{"showFog":true,"showMaterialUpdate":false,"showSkybox":true,"showFlares":true,"showImageEffects":true,"showParticleSystems":true,"showVisualEffectGraphs":true,"m_FxEnabled":true},"in2DMode":false,"pivot":{"x":3.4590611457824709,"y":1.0225648880004883,"z":-0.9299089312553406},"rotation":{"x":-0.09952391684055329,"y":0.3563988506793976,"z":-0.03821161016821861,"w":-0.9282362461090088},"size":0.9635002017021179,"orthographic":false}