{"cameraMode":{"drawMode":0,"name":"Shaded","section":"Shading Mode"},"sceneLighting":true,"audioPlay":false,"sceneViewState":{"showFog":true,"showMaterialUpdate":false,"showSkybox":true,"showFlares":true,"showImageEffects":true,"showParticleSystems":true,"showVisualEffectGraphs":true,"m_FxEnabled":true},"in2DMode":false,"pivot":{"x":5.24411153793335,"y":1.0452156066894532,"z":-7.93329381942749},"rotation":{"x":0.021290596574544908,"y":-0.0012045876355841756,"z":-0.0001266022154595703,"w":-0.9998525381088257},"size":0.4978238046169281,"orthographic":false}