{"cameraMode":{"drawMode":0,"name":"Shaded","section":"Shading Mode"},"sceneLighting":true,"audioPlay":false,"sceneViewState":{"showFog":true,"showMaterialUpdate":false,"showSkybox":true,"showFlares":true,"showImageEffects":true,"showParticleSystems":true,"showVisualEffectGraphs":true,"m_FxEnabled":true},"in2DMode":false,"pivot":{"x":54.925289154052737,"y":10.150510787963868,"z":30.504512786865236},"rotation":{"x":0.008817849680781365,"y":0.16253750026226045,"z":-0.0011504185386002064,"w":0.9866741299629211},"size":32.44088363647461,"orthographic":false}