{"cameraMode":{"drawMode":0,"name":"Shaded","section":"Shading Mode"},"sceneLighting":true,"audioPlay":false,"sceneViewState":{"showFog":true,"showMaterialUpdate":false,"showSkybox":true,"showFlares":true,"showImageEffects":true,"showParticleSystems":true,"showVisualEffectGraphs":true,"m_FxEnabled":true},"in2DMode":false,"pivot":{"x":54.60891342163086,"y":4.088199615478516,"z":-12.574905395507813},"rotation":{"x":0.24049736559391023,"y":-0.030569110065698625,"z":0.007579910568892956,"w":0.9701434373855591},"size":1.7320507764816285,"orthographic":false}