{"cameraMode":{"drawMode":0,"name":"Shaded","section":"Shading Mode"},"sceneLighting":true,"audioPlay":false,"sceneViewState":{"showFog":true,"showMaterialUpdate":false,"showSkybox":true,"showFlares":true,"showImageEffects":true,"showParticleSystems":true,"showVisualEffectGraphs":true,"m_FxEnabled":true},"in2DMode":false,"pivot":{"x":-9.246221542358399,"y":-1.641456127166748,"z":47.64311981201172},"rotation":{"x":-0.038010697811841968,"y":0.14191561937332154,"z":-0.005459706764668226,"w":-0.9891645312309265},"size":26.915128707885743,"orthographic":false}