{"cameraMode":{"drawMode":0,"name":"Shaded","section":"Shading Mode"},"sceneLighting":true,"audioPlay":false,"sceneViewState":{"showFog":true,"showMaterialUpdate":false,"showSkybox":true,"showFlares":true,"showImageEffects":true,"showParticleSystems":true,"showVisualEffectGraphs":true,"m_FxEnabled":true},"in2DMode":false,"pivot":{"x":0.5024049282073975,"y":-7.943058967590332,"z":36.0443115234375},"rotation":{"x":-0.11257035285234451,"y":-0.003878768300637603,"z":0.0004402554186526686,"w":-0.9936398267745972},"size":20.754169464111329,"orthographic":false}