{"cameraMode":{"drawMode":0,"name":"Shaded","section":"Shading Mode"},"sceneLighting":true,"audioPlay":false,"sceneViewState":{"showFog":true,"showMaterialUpdate":false,"showSkybox":true,"showFlares":true,"showImageEffects":true,"showParticleSystems":true,"showVisualEffectGraphs":true,"m_FxEnabled":true},"in2DMode":false,"pivot":{"x":-0.9725451469421387,"y":-7.134764194488525,"z":16.065940856933595},"rotation":{"x":-0.20382249355316163,"y":0.07100285589694977,"z":-0.014822606928646565,"w":-0.9763213396072388},"size":10.38664436340332,"orthographic":false}