{"cameraMode":{"drawMode":0,"name":"Shaded","section":"Shading Mode"},"sceneLighting":true,"audioPlay":false,"sceneViewState":{"showFog":true,"showMaterialUpdate":false,"showSkybox":true,"showFlares":true,"showImageEffects":true,"showParticleSystems":true,"showVisualEffectGraphs":true,"m_FxEnabled":true},"in2DMode":false,"pivot":{"x":-0.8231194019317627,"y":0.918382465839386,"z":2.4487197399139406},"rotation":{"x":-0.010807477869093418,"y":-0.020399952307343484,"z":0.00021890734205953777,"w":-0.9997422099113464},"size":3.063499927520752,"orthographic":false}