{"cameraMode":{"drawMode":0,"name":"Shaded","section":"Shading Mode"},"sceneLighting":true,"audioPlay":false,"sceneViewState":{"showFog":true,"showMaterialUpdate":false,"showSkybox":true,"showFlares":true,"showImageEffects":true,"showParticleSystems":true,"showVisualEffectGraphs":true,"m_FxEnabled":true},"in2DMode":false,"pivot":{"x":48.31633377075195,"y":24.013565063476564,"z":-11.351449966430664},"rotation":{"x":0.41744136810302737,"y":-0.12421443313360214,"z":0.05772656574845314,"w":0.8983386754989624},"size":14.438700675964356,"orthographic":false}