{"cameraMode":{"drawMode":0,"name":"Shaded","section":"Shading Mode"},"sceneLighting":true,"audioPlay":false,"sceneViewState":{"showFog":true,"showMaterialUpdate":false,"showSkybox":true,"showFlares":true,"showImageEffects":true,"showParticleSystems":true,"showVisualEffectGraphs":true,"m_FxEnabled":true},"in2DMode":false,"pivot":{"x":4.460064888000488,"y":0.12890344858169557,"z":-3.4420928955078127},"rotation":{"x":0.04020446166396141,"y":-0.11992324888706207,"z":0.004882271867245436,"w":0.9920172691345215},"size":5.017886161804199,"orthographic":false}