{"cameraMode":{"drawMode":0,"name":"Shaded","section":"Shading Mode"},"sceneLighting":true,"audioPlay":false,"sceneViewState":{"showFog":true,"showMaterialUpdate":false,"showSkybox":true,"showFlares":true,"showImageEffects":true,"showParticleSystems":true,"showVisualEffectGraphs":true,"m_FxEnabled":true},"in2DMode":false,"pivot":{"x":67.24207305908203,"y":4.911146640777588,"z":-9.342719078063965},"rotation":{"x":0.16182416677474976,"y":-0.027232566848397256,"z":0.0044672866351902489,"w":0.9864426851272583},"size":1.7320507764816285,"orthographic":false}